,Año,Trimestre,Provincia,Accesos por cada 100 hogares
840,2014-01-01,1,Buenos Aires,54.57
816,2014-01-01,2,Buenos Aires,55.06
792,2014-01-01,3,Buenos Aires,56.75
768,2014-01-01,4,Buenos Aires,56.09
744,2015-01-01,1,Buenos Aires,56.37
720,2015-01-01,2,Buenos Aires,56.8
696,2015-01-01,3,Buenos Aires,57.69
672,2015-01-01,4,Buenos Aires,58.29
648,2016-01-01,1,Buenos Aires,57.34
624,2016-01-01,2,Buenos Aires,59.34
600,2016-01-01,3,Buenos Aires,60.14
576,2016-01-01,4,Buenos Aires,61.24
552,2017-01-01,1,Buenos Aires,58.57
528,2017-01-01,2,Buenos Aires,56.27
504,2017-01-01,3,Buenos Aires,55.63
480,2017-01-01,4,Buenos Aires,57.61
456,2018-01-01,1,Buenos Aires,62.63
432,2018-01-01,2,Buenos Aires,62.78
408,2018-01-01,3,Buenos Aires,64.44
384,2018-01-01,4,Buenos Aires,64.6
360,2019-01-01,1,Buenos Aires,66.24
336,2019-01-01,2,Buenos Aires,67.85
312,2019-01-01,3,Buenos Aires,69.36
288,2019-01-01,4,Buenos Aires,64.25
264,2020-01-01,1,Buenos Aires,64.33
240,2020-01-01,2,Buenos Aires,65.22
216,2020-01-01,3,Buenos Aires,67.66
192,2020-01-01,4,Buenos Aires,68.98
168,2021-01-01,1,Buenos Aires,69.11
144,2021-01-01,2,Buenos Aires,70.0
120,2021-01-01,3,Buenos Aires,71.68
96,2021-01-01,4,Buenos Aires,75.66
72,2022-01-01,1,Buenos Aires,76.08
48,2022-01-01,2,Buenos Aires,77.58
24,2022-01-01,3,Buenos Aires,78.11
0,2022-01-01,4,Buenos Aires,78.94
841,2014-01-01,1,Capital Federal,112.25
817,2014-01-01,2,Capital Federal,113.14
793,2014-01-01,3,Capital Federal,113.8
769,2014-01-01,4,Capital Federal,114.9
745,2015-01-01,1,Capital Federal,114.9
721,2015-01-01,2,Capital Federal,116.07
697,2015-01-01,3,Capital Federal,118.29
673,2015-01-01,4,Capital Federal,118.13
649,2016-01-01,1,Capital Federal,115.16
625,2016-01-01,2,Capital Federal,120.04
601,2016-01-01,3,Capital Federal,120.77
577,2016-01-01,4,Capital Federal,120.63
553,2017-01-01,1,Capital Federal,108.37
529,2017-01-01,2,Capital Federal,124.06
505,2017-01-01,3,Capital Federal,121.86
481,2017-01-01,4,Capital Federal,122.9
457,2018-01-01,1,Capital Federal,106.24
433,2018-01-01,2,Capital Federal,106.53
409,2018-01-01,3,Capital Federal,108.45
385,2018-01-01,4,Capital Federal,108.27
361,2019-01-01,1,Capital Federal,109.2
337,2019-01-01,2,Capital Federal,110.55
313,2019-01-01,3,Capital Federal,112.65
289,2019-01-01,4,Capital Federal,106.25
265,2020-01-01,1,Capital Federal,105.98
241,2020-01-01,2,Capital Federal,106.41
217,2020-01-01,3,Capital Federal,107.68
193,2020-01-01,4,Capital Federal,108.31
169,2021-01-01,1,Capital Federal,108.42
145,2021-01-01,2,Capital Federal,110.14
121,2021-01-01,3,Capital Federal,111.27
97,2021-01-01,4,Capital Federal,111.27
73,2022-01-01,1,Capital Federal,111.8
49,2022-01-01,2,Capital Federal,121.31
25,2022-01-01,3,Capital Federal,122.28
1,2022-01-01,4,Capital Federal,122.73
842,2014-01-01,1,Catamarca,24.25
818,2014-01-01,2,Catamarca,24.7
794,2014-01-01,3,Catamarca,24.71
770,2014-01-01,4,Catamarca,25.51
746,2015-01-01,1,Catamarca,25.11
722,2015-01-01,2,Catamarca,25.45
698,2015-01-01,3,Catamarca,25.86
674,2015-01-01,4,Catamarca,26.24
650,2016-01-01,1,Catamarca,25.91
626,2016-01-01,2,Catamarca,26.07
602,2016-01-01,3,Catamarca,26.48
578,2016-01-01,4,Catamarca,26.54
554,2017-01-01,1,Catamarca,25.66
530,2017-01-01,2,Catamarca,25.98
506,2017-01-01,3,Catamarca,32.49
482,2017-01-01,4,Catamarca,28.62
458,2018-01-01,1,Catamarca,32.79
434,2018-01-01,2,Catamarca,32.86
410,2018-01-01,3,Catamarca,32.92
386,2018-01-01,4,Catamarca,32.23
362,2019-01-01,1,Catamarca,32.19
338,2019-01-01,2,Catamarca,32.13
314,2019-01-01,3,Catamarca,30.88
290,2019-01-01,4,Catamarca,36.44
266,2020-01-01,1,Catamarca,37.62
242,2020-01-01,2,Catamarca,45.43
218,2020-01-01,3,Catamarca,47.16
194,2020-01-01,4,Catamarca,49.41
170,2021-01-01,1,Catamarca,48.9
146,2021-01-01,2,Catamarca,52.34
122,2021-01-01,3,Catamarca,52.71
98,2021-01-01,4,Catamarca,55.25
74,2022-01-01,1,Catamarca,58.21
50,2022-01-01,2,Catamarca,62.4
26,2022-01-01,3,Catamarca,65.33
2,2022-01-01,4,Catamarca,65.77
843,2014-01-01,1,Chaco,20.72
819,2014-01-01,2,Chaco,20.96
795,2014-01-01,3,Chaco,21.11
771,2014-01-01,4,Chaco,21.87
747,2015-01-01,1,Chaco,26.65
723,2015-01-01,2,Chaco,27.46
699,2015-01-01,3,Chaco,27.96
675,2015-01-01,4,Chaco,28.35
651,2016-01-01,1,Chaco,28.08
627,2016-01-01,2,Chaco,28.59
603,2016-01-01,3,Chaco,28.91
579,2016-01-01,4,Chaco,28.79
555,2017-01-01,1,Chaco,28.62
531,2017-01-01,2,Chaco,29.05
507,2017-01-01,3,Chaco,29.98
483,2017-01-01,4,Chaco,30.81
459,2018-01-01,1,Chaco,30.83
435,2018-01-01,2,Chaco,31.25
411,2018-01-01,3,Chaco,32.28
387,2018-01-01,4,Chaco,32.59
363,2019-01-01,1,Chaco,32.64
339,2019-01-01,2,Chaco,34.14
315,2019-01-01,3,Chaco,35.85
291,2019-01-01,4,Chaco,36.84
267,2020-01-01,1,Chaco,37.48
243,2020-01-01,2,Chaco,39.83
219,2020-01-01,3,Chaco,41.54
195,2020-01-01,4,Chaco,43.03
171,2021-01-01,1,Chaco,43.14
147,2021-01-01,2,Chaco,43.33
123,2021-01-01,3,Chaco,42.96
99,2021-01-01,4,Chaco,44.05
75,2022-01-01,1,Chaco,44.06
51,2022-01-01,2,Chaco,43.79
27,2022-01-01,3,Chaco,43.86
3,2022-01-01,4,Chaco,43.62
844,2014-01-01,1,Chubut,41.24
820,2014-01-01,2,Chubut,41.41
796,2014-01-01,3,Chubut,40.6
772,2014-01-01,4,Chubut,40.25
748,2015-01-01,1,Chubut,37.61
724,2015-01-01,2,Chubut,36.58
700,2015-01-01,3,Chubut,36.81
676,2015-01-01,4,Chubut,36.89
652,2016-01-01,1,Chubut,36.09
628,2016-01-01,2,Chubut,36.12
604,2016-01-01,3,Chubut,36.18
580,2016-01-01,4,Chubut,36.07
556,2017-01-01,1,Chubut,35.66
532,2017-01-01,2,Chubut,35.55
508,2017-01-01,3,Chubut,46.22
484,2017-01-01,4,Chubut,51.46
460,2018-01-01,1,Chubut,53.72
436,2018-01-01,2,Chubut,54.9
412,2018-01-01,3,Chubut,56.39
388,2018-01-01,4,Chubut,42.61
364,2019-01-01,1,Chubut,43.0
340,2019-01-01,2,Chubut,46.99
316,2019-01-01,3,Chubut,47.57
292,2019-01-01,4,Chubut,51.15
268,2020-01-01,1,Chubut,51.27
244,2020-01-01,2,Chubut,57.34
220,2020-01-01,3,Chubut,68.34
196,2020-01-01,4,Chubut,68.35
172,2021-01-01,1,Chubut,68.99
148,2021-01-01,2,Chubut,72.29
124,2021-01-01,3,Chubut,80.71
100,2021-01-01,4,Chubut,82.57
76,2022-01-01,1,Chubut,88.05
52,2022-01-01,2,Chubut,83.19
28,2022-01-01,3,Chubut,84.38
4,2022-01-01,4,Chubut,85.57
846,2014-01-01,1,Corrientes,22.32
822,2014-01-01,2,Corrientes,22.58
798,2014-01-01,3,Corrientes,22.79
774,2014-01-01,4,Corrientes,23.56
750,2015-01-01,1,Corrientes,28.95
726,2015-01-01,2,Corrientes,29.58
702,2015-01-01,3,Corrientes,30.17
678,2015-01-01,4,Corrientes,30.34
654,2016-01-01,1,Corrientes,30.08
630,2016-01-01,2,Corrientes,30.58
606,2016-01-01,3,Corrientes,31.07
582,2016-01-01,4,Corrientes,30.98
558,2017-01-01,1,Corrientes,30.94
534,2017-01-01,2,Corrientes,31.39
510,2017-01-01,3,Corrientes,32.17
486,2017-01-01,4,Corrientes,32.52
462,2018-01-01,1,Corrientes,32.66
438,2018-01-01,2,Corrientes,33.81
414,2018-01-01,3,Corrientes,34.25
390,2018-01-01,4,Corrientes,34.57
366,2019-01-01,1,Corrientes,35.13
342,2019-01-01,2,Corrientes,38.16
318,2019-01-01,3,Corrientes,38.49
294,2019-01-01,4,Corrientes,38.77
270,2020-01-01,1,Corrientes,38.73
246,2020-01-01,2,Corrientes,40.3
222,2020-01-01,3,Corrientes,41.75
198,2020-01-01,4,Corrientes,42.43
174,2021-01-01,1,Corrientes,42.66
150,2021-01-01,2,Corrientes,43.54
126,2021-01-01,3,Corrientes,44.9
102,2021-01-01,4,Corrientes,45.51
78,2022-01-01,1,Corrientes,47.64
54,2022-01-01,2,Corrientes,48.35
30,2022-01-01,3,Corrientes,48.21
6,2022-01-01,4,Corrientes,51.64
845,2014-01-01,1,Córdoba,52.52
821,2014-01-01,2,Córdoba,53.45
797,2014-01-01,3,Córdoba,54.23
773,2014-01-01,4,Córdoba,54.7
749,2015-01-01,1,Córdoba,54.7
725,2015-01-01,2,Córdoba,55.87
701,2015-01-01,3,Córdoba,57.08
677,2015-01-01,4,Córdoba,57.36
653,2016-01-01,1,Córdoba,55.28
629,2016-01-01,2,Córdoba,57.55
605,2016-01-01,3,Córdoba,58.24
581,2016-01-01,4,Córdoba,57.7
557,2017-01-01,1,Córdoba,57.65
533,2017-01-01,2,Córdoba,58.97
509,2017-01-01,3,Córdoba,62.31
485,2017-01-01,4,Córdoba,63.33
461,2018-01-01,1,Córdoba,63.52
437,2018-01-01,2,Córdoba,63.27
413,2018-01-01,3,Córdoba,64.24
389,2018-01-01,4,Córdoba,65.09
365,2019-01-01,1,Córdoba,65.52
341,2019-01-01,2,Córdoba,68.07
317,2019-01-01,3,Córdoba,68.59
293,2019-01-01,4,Córdoba,70.48
269,2020-01-01,1,Córdoba,70.69
245,2020-01-01,2,Córdoba,72.71
221,2020-01-01,3,Córdoba,75.22
197,2020-01-01,4,Córdoba,78.08
173,2021-01-01,1,Córdoba,78.59
149,2021-01-01,2,Córdoba,80.12
125,2021-01-01,3,Córdoba,81.28
101,2021-01-01,4,Córdoba,84.51
77,2022-01-01,1,Córdoba,85.76
53,2022-01-01,2,Córdoba,87.48
29,2022-01-01,3,Córdoba,88.31
5,2022-01-01,4,Córdoba,89.03
847,2014-01-01,1,Entre Ríos,34.37
823,2014-01-01,2,Entre Ríos,34.69
799,2014-01-01,3,Entre Ríos,34.98
775,2014-01-01,4,Entre Ríos,36.03
751,2015-01-01,1,Entre Ríos,42.07
727,2015-01-01,2,Entre Ríos,42.93
703,2015-01-01,3,Entre Ríos,43.68
679,2015-01-01,4,Entre Ríos,44.11
655,2016-01-01,1,Entre Ríos,43.85
631,2016-01-01,2,Entre Ríos,44.74
607,2016-01-01,3,Entre Ríos,45.44
583,2016-01-01,4,Entre Ríos,45.21
559,2017-01-01,1,Entre Ríos,44.91
535,2017-01-01,2,Entre Ríos,45.39
511,2017-01-01,3,Entre Ríos,45.96
487,2017-01-01,4,Entre Ríos,47.89
463,2018-01-01,1,Entre Ríos,48.68
439,2018-01-01,2,Entre Ríos,49.2
415,2018-01-01,3,Entre Ríos,50.22
391,2018-01-01,4,Entre Ríos,54.37
367,2019-01-01,1,Entre Ríos,56.79
343,2019-01-01,2,Entre Ríos,57.48
319,2019-01-01,3,Entre Ríos,57.9
295,2019-01-01,4,Entre Ríos,57.99
271,2020-01-01,1,Entre Ríos,56.12
247,2020-01-01,2,Entre Ríos,56.54
223,2020-01-01,3,Entre Ríos,58.19
199,2020-01-01,4,Entre Ríos,59.47
175,2021-01-01,1,Entre Ríos,60.44
151,2021-01-01,2,Entre Ríos,61.66
127,2021-01-01,3,Entre Ríos,62.18
103,2021-01-01,4,Entre Ríos,63.16
79,2022-01-01,1,Entre Ríos,63.7
55,2022-01-01,2,Entre Ríos,63.9
31,2022-01-01,3,Entre Ríos,63.67
7,2022-01-01,4,Entre Ríos,64.01
848,2014-01-01,1,Formosa,17.42
824,2014-01-01,2,Formosa,17.54
800,2014-01-01,3,Formosa,17.77
776,2014-01-01,4,Formosa,17.96
752,2015-01-01,1,Formosa,18.12
728,2015-01-01,2,Formosa,18.36
704,2015-01-01,3,Formosa,18.84
680,2015-01-01,4,Formosa,19.07
656,2016-01-01,1,Formosa,19.04
632,2016-01-01,2,Formosa,19.37
608,2016-01-01,3,Formosa,18.64
584,2016-01-01,4,Formosa,19.85
560,2017-01-01,1,Formosa,19.84
536,2017-01-01,2,Formosa,19.97
512,2017-01-01,3,Formosa,21.35
488,2017-01-01,4,Formosa,21.27
464,2018-01-01,1,Formosa,21.4
440,2018-01-01,2,Formosa,29.43
416,2018-01-01,3,Formosa,29.58
392,2018-01-01,4,Formosa,29.74
368,2019-01-01,1,Formosa,29.68
344,2019-01-01,2,Formosa,30.42
320,2019-01-01,3,Formosa,30.11
296,2019-01-01,4,Formosa,30.47
272,2020-01-01,1,Formosa,30.23
248,2020-01-01,2,Formosa,31.14
224,2020-01-01,3,Formosa,31.91
200,2020-01-01,4,Formosa,32.49
176,2021-01-01,1,Formosa,32.73
152,2021-01-01,2,Formosa,33.23
128,2021-01-01,3,Formosa,33.96
104,2021-01-01,4,Formosa,34.45
80,2022-01-01,1,Formosa,34.96
56,2022-01-01,2,Formosa,43.42
32,2022-01-01,3,Formosa,43.76
8,2022-01-01,4,Formosa,39.41
849,2014-01-01,1,Jujuy,18.42
825,2014-01-01,2,Jujuy,18.71
801,2014-01-01,3,Jujuy,18.37
777,2014-01-01,4,Jujuy,19.6
753,2015-01-01,1,Jujuy,19.69
729,2015-01-01,2,Jujuy,20.29
705,2015-01-01,3,Jujuy,21.27
681,2015-01-01,4,Jujuy,21.47
657,2016-01-01,1,Jujuy,21.41
633,2016-01-01,2,Jujuy,21.89
609,2016-01-01,3,Jujuy,22.61
585,2016-01-01,4,Jujuy,22.65
561,2017-01-01,1,Jujuy,22.76
537,2017-01-01,2,Jujuy,22.4
513,2017-01-01,3,Jujuy,22.65
489,2017-01-01,4,Jujuy,22.74
465,2018-01-01,1,Jujuy,23.12
441,2018-01-01,2,Jujuy,23.43
417,2018-01-01,3,Jujuy,23.26
393,2018-01-01,4,Jujuy,46.53
369,2019-01-01,1,Jujuy,46.41
345,2019-01-01,2,Jujuy,44.51
321,2019-01-01,3,Jujuy,44.32
297,2019-01-01,4,Jujuy,45.38
273,2020-01-01,1,Jujuy,46.67
249,2020-01-01,2,Jujuy,47.89
225,2020-01-01,3,Jujuy,54.04
201,2020-01-01,4,Jujuy,53.46
177,2021-01-01,1,Jujuy,55.63
153,2021-01-01,2,Jujuy,56.18
129,2021-01-01,3,Jujuy,55.69
105,2021-01-01,4,Jujuy,56.92
81,2022-01-01,1,Jujuy,58.06
57,2022-01-01,2,Jujuy,57.32
33,2022-01-01,3,Jujuy,58.91
9,2022-01-01,4,Jujuy,58.46
850,2014-01-01,1,La Pampa,48.43
826,2014-01-01,2,La Pampa,49.71
802,2014-01-01,3,La Pampa,55.78
778,2014-01-01,4,La Pampa,51.27
754,2015-01-01,1,La Pampa,55.51
730,2015-01-01,2,La Pampa,56.71
706,2015-01-01,3,La Pampa,57.96
682,2015-01-01,4,La Pampa,58.76
658,2016-01-01,1,La Pampa,57.84
634,2016-01-01,2,La Pampa,60.44
610,2016-01-01,3,La Pampa,61.73
586,2016-01-01,4,La Pampa,63.02
562,2017-01-01,1,La Pampa,62.67
538,2017-01-01,2,La Pampa,63.49
514,2017-01-01,3,La Pampa,69.14
490,2017-01-01,4,La Pampa,71.05
466,2018-01-01,1,La Pampa,71.75
442,2018-01-01,2,La Pampa,71.04
418,2018-01-01,3,La Pampa,71.75
394,2018-01-01,4,La Pampa,73.49
370,2019-01-01,1,La Pampa,76.35
346,2019-01-01,2,La Pampa,77.08
322,2019-01-01,3,La Pampa,77.45
298,2019-01-01,4,La Pampa,76.92
274,2020-01-01,1,La Pampa,75.77
250,2020-01-01,2,La Pampa,76.1
226,2020-01-01,3,La Pampa,79.26
202,2020-01-01,4,La Pampa,81.77
178,2021-01-01,1,La Pampa,81.78
154,2021-01-01,2,La Pampa,82.08
130,2021-01-01,3,La Pampa,84.28
106,2021-01-01,4,La Pampa,89.57
82,2022-01-01,1,La Pampa,91.66
58,2022-01-01,2,La Pampa,92.98
34,2022-01-01,3,La Pampa,96.59
10,2022-01-01,4,La Pampa,94.8
851,2014-01-01,1,La Rioja,16.29
827,2014-01-01,2,La Rioja,16.5
803,2014-01-01,3,La Rioja,16.51
779,2014-01-01,4,La Rioja,17.01
755,2015-01-01,1,La Rioja,16.7
731,2015-01-01,2,La Rioja,16.88
707,2015-01-01,3,La Rioja,17.15
683,2015-01-01,4,La Rioja,17.32
659,2016-01-01,1,La Rioja,16.83
635,2016-01-01,2,La Rioja,16.88
611,2016-01-01,3,La Rioja,17.07
587,2016-01-01,4,La Rioja,16.46
563,2017-01-01,1,La Rioja,16.2
539,2017-01-01,2,La Rioja,16.2
515,2017-01-01,3,La Rioja,51.47
491,2017-01-01,4,La Rioja,51.57
467,2018-01-01,1,La Rioja,51.44
443,2018-01-01,2,La Rioja,50.98
419,2018-01-01,3,La Rioja,50.73
395,2018-01-01,4,La Rioja,50.35
371,2019-01-01,1,La Rioja,50.18
347,2019-01-01,2,La Rioja,48.7
323,2019-01-01,3,La Rioja,47.94
299,2019-01-01,4,La Rioja,47.14
275,2020-01-01,1,La Rioja,46.35
251,2020-01-01,2,La Rioja,49.84
227,2020-01-01,3,La Rioja,50.12
203,2020-01-01,4,La Rioja,50.11
179,2021-01-01,1,La Rioja,49.81
155,2021-01-01,2,La Rioja,76.98
131,2021-01-01,3,La Rioja,77.26
107,2021-01-01,4,La Rioja,77.92
83,2022-01-01,1,La Rioja,78.77
59,2022-01-01,2,La Rioja,80.14
35,2022-01-01,3,La Rioja,80.66
11,2022-01-01,4,La Rioja,79.86
852,2014-01-01,1,Mendoza,31.91
828,2014-01-01,2,Mendoza,32.1
804,2014-01-01,3,Mendoza,32.31
780,2014-01-01,4,Mendoza,32.64
756,2015-01-01,1,Mendoza,32.37
732,2015-01-01,2,Mendoza,32.49
708,2015-01-01,3,Mendoza,32.49
684,2015-01-01,4,Mendoza,32.49
660,2016-01-01,1,Mendoza,32.12
636,2016-01-01,2,Mendoza,32.13
612,2016-01-01,3,Mendoza,32.09
588,2016-01-01,4,Mendoza,32.11
564,2017-01-01,1,Mendoza,31.84
540,2017-01-01,2,Mendoza,31.76
516,2017-01-01,3,Mendoza,35.7
492,2017-01-01,4,Mendoza,33.33
468,2018-01-01,1,Mendoza,37.07
444,2018-01-01,2,Mendoza,36.97
420,2018-01-01,3,Mendoza,37.99
396,2018-01-01,4,Mendoza,37.76
372,2019-01-01,1,Mendoza,37.66
348,2019-01-01,2,Mendoza,40.75
324,2019-01-01,3,Mendoza,40.74
300,2019-01-01,4,Mendoza,33.65
276,2020-01-01,1,Mendoza,33.14
252,2020-01-01,2,Mendoza,36.25
228,2020-01-01,3,Mendoza,37.35
204,2020-01-01,4,Mendoza,38.63
180,2021-01-01,1,Mendoza,39.15
156,2021-01-01,2,Mendoza,40.97
132,2021-01-01,3,Mendoza,45.55
108,2021-01-01,4,Mendoza,47.51
84,2022-01-01,1,Mendoza,48.74
60,2022-01-01,2,Mendoza,49.39
36,2022-01-01,3,Mendoza,51.03
12,2022-01-01,4,Mendoza,51.36
853,2014-01-01,1,Misiones,23.14
829,2014-01-01,2,Misiones,23.37
805,2014-01-01,3,Misiones,23.57
781,2014-01-01,4,Misiones,24.16
757,2015-01-01,1,Misiones,26.31
733,2015-01-01,2,Misiones,27.35
709,2015-01-01,3,Misiones,28.31
685,2015-01-01,4,Misiones,28.69
661,2016-01-01,1,Misiones,28.37
637,2016-01-01,2,Misiones,29.24
613,2016-01-01,3,Misiones,29.91
589,2016-01-01,4,Misiones,29.72
565,2017-01-01,1,Misiones,29.52
541,2017-01-01,2,Misiones,30.09
517,2017-01-01,3,Misiones,30.21
493,2017-01-01,4,Misiones,31.14
469,2018-01-01,1,Misiones,30.96
445,2018-01-01,2,Misiones,31.63
421,2018-01-01,3,Misiones,32.1
397,2018-01-01,4,Misiones,34.45
373,2019-01-01,1,Misiones,36.26
349,2019-01-01,2,Misiones,39.15
325,2019-01-01,3,Misiones,39.33
301,2019-01-01,4,Misiones,39.79
277,2020-01-01,1,Misiones,39.02
253,2020-01-01,2,Misiones,40.89
229,2020-01-01,3,Misiones,41.6
205,2020-01-01,4,Misiones,42.64
181,2021-01-01,1,Misiones,43.17
157,2021-01-01,2,Misiones,45.01
133,2021-01-01,3,Misiones,45.57
109,2021-01-01,4,Misiones,49.06
85,2022-01-01,1,Misiones,49.04
61,2022-01-01,2,Misiones,51.0
37,2022-01-01,3,Misiones,51.82
13,2022-01-01,4,Misiones,52.85
854,2014-01-01,1,Neuquén,49.79
830,2014-01-01,2,Neuquén,50.84
806,2014-01-01,3,Neuquén,56.4
782,2014-01-01,4,Neuquén,52.55
758,2015-01-01,1,Neuquén,51.95
734,2015-01-01,2,Neuquén,53.12
710,2015-01-01,3,Neuquén,54.6
686,2015-01-01,4,Neuquén,58.29
662,2016-01-01,1,Neuquén,55.75
638,2016-01-01,2,Neuquén,59.1
614,2016-01-01,3,Neuquén,60.21
590,2016-01-01,4,Neuquén,60.87
566,2017-01-01,1,Neuquén,61.02
542,2017-01-01,2,Neuquén,61.91
518,2017-01-01,3,Neuquén,60.83
494,2017-01-01,4,Neuquén,61.24
470,2018-01-01,1,Neuquén,61.52
446,2018-01-01,2,Neuquén,60.24
422,2018-01-01,3,Neuquén,60.49
398,2018-01-01,4,Neuquén,59.07
374,2019-01-01,1,Neuquén,58.88
350,2019-01-01,2,Neuquén,63.08
326,2019-01-01,3,Neuquén,64.14
302,2019-01-01,4,Neuquén,59.36
278,2020-01-01,1,Neuquén,61.85
254,2020-01-01,2,Neuquén,63.9
230,2020-01-01,3,Neuquén,65.24
206,2020-01-01,4,Neuquén,67.0
182,2021-01-01,1,Neuquén,66.84
158,2021-01-01,2,Neuquén,69.14
134,2021-01-01,3,Neuquén,69.71
110,2021-01-01,4,Neuquén,73.3
86,2022-01-01,1,Neuquén,74.17
62,2022-01-01,2,Neuquén,80.02
38,2022-01-01,3,Neuquén,80.37
14,2022-01-01,4,Neuquén,78.67
855,2014-01-01,1,Río Negro,44.91
831,2014-01-01,2,Río Negro,45.33
807,2014-01-01,3,Río Negro,46.2
783,2014-01-01,4,Río Negro,45.48
759,2015-01-01,1,Río Negro,45.33
735,2015-01-01,2,Río Negro,45.98
711,2015-01-01,3,Río Negro,46.39
687,2015-01-01,4,Río Negro,46.44
663,2016-01-01,1,Río Negro,45.84
639,2016-01-01,2,Río Negro,46.24
615,2016-01-01,3,Río Negro,46.39
591,2016-01-01,4,Río Negro,46.39
567,2017-01-01,1,Río Negro,46.03
543,2017-01-01,2,Río Negro,46.02
519,2017-01-01,3,Río Negro,48.52
495,2017-01-01,4,Río Negro,49.38
471,2018-01-01,1,Río Negro,49.82
447,2018-01-01,2,Río Negro,50.15
423,2018-01-01,3,Río Negro,50.54
399,2018-01-01,4,Río Negro,51.86
375,2019-01-01,1,Río Negro,53.57
351,2019-01-01,2,Río Negro,61.09
327,2019-01-01,3,Río Negro,63.42
303,2019-01-01,4,Río Negro,55.71
279,2020-01-01,1,Río Negro,55.12
255,2020-01-01,2,Río Negro,56.37
231,2020-01-01,3,Río Negro,57.05
207,2020-01-01,4,Río Negro,61.09
183,2021-01-01,1,Río Negro,60.88
159,2021-01-01,2,Río Negro,61.94
135,2021-01-01,3,Río Negro,61.97
111,2021-01-01,4,Río Negro,65.69
87,2022-01-01,1,Río Negro,67.04
63,2022-01-01,2,Río Negro,67.85
39,2022-01-01,3,Río Negro,67.98
15,2022-01-01,4,Río Negro,68.42
856,2014-01-01,1,Salta,28.7
832,2014-01-01,2,Salta,28.91
808,2014-01-01,3,Salta,29.22
784,2014-01-01,4,Salta,29.53
760,2015-01-01,1,Salta,30.01
736,2015-01-01,2,Salta,30.46
712,2015-01-01,3,Salta,31.18
688,2015-01-01,4,Salta,31.59
664,2016-01-01,1,Salta,31.32
640,2016-01-01,2,Salta,32.08
616,2016-01-01,3,Salta,32.96
592,2016-01-01,4,Salta,32.69
568,2017-01-01,1,Salta,32.58
544,2017-01-01,2,Salta,32.74
520,2017-01-01,3,Salta,39.84
496,2017-01-01,4,Salta,39.8
472,2018-01-01,1,Salta,39.78
448,2018-01-01,2,Salta,39.94
424,2018-01-01,3,Salta,39.43
400,2018-01-01,4,Salta,39.8
376,2019-01-01,1,Salta,40.1
352,2019-01-01,2,Salta,41.89
328,2019-01-01,3,Salta,44.48
304,2019-01-01,4,Salta,50.35
280,2020-01-01,1,Salta,49.6
256,2020-01-01,2,Salta,51.58
232,2020-01-01,3,Salta,52.32
208,2020-01-01,4,Salta,54.04
184,2021-01-01,1,Salta,53.93
160,2021-01-01,2,Salta,54.93
136,2021-01-01,3,Salta,55.96
112,2021-01-01,4,Salta,56.81
88,2022-01-01,1,Salta,56.11
64,2022-01-01,2,Salta,57.54
40,2022-01-01,3,Salta,57.76
16,2022-01-01,4,Salta,57.96
857,2014-01-01,1,San Juan,27.6
833,2014-01-01,2,San Juan,27.78
809,2014-01-01,3,San Juan,27.85
785,2014-01-01,4,San Juan,28.04
761,2015-01-01,1,San Juan,27.55
737,2015-01-01,2,San Juan,27.64
713,2015-01-01,3,San Juan,27.67
689,2015-01-01,4,San Juan,27.66
665,2016-01-01,1,San Juan,27.33
641,2016-01-01,2,San Juan,27.34
617,2016-01-01,3,San Juan,27.32
593,2016-01-01,4,San Juan,27.29
569,2017-01-01,1,San Juan,27.04
545,2017-01-01,2,San Juan,26.96
521,2017-01-01,3,San Juan,32.37
497,2017-01-01,4,San Juan,30.3
473,2018-01-01,1,San Juan,32.61
449,2018-01-01,2,San Juan,32.95
425,2018-01-01,3,San Juan,33.05
401,2018-01-01,4,San Juan,31.9
377,2019-01-01,1,San Juan,31.83
353,2019-01-01,2,San Juan,35.6
329,2019-01-01,3,San Juan,37.06
305,2019-01-01,4,San Juan,32.85
281,2020-01-01,1,San Juan,32.39
257,2020-01-01,2,San Juan,35.09
233,2020-01-01,3,San Juan,38.79
209,2020-01-01,4,San Juan,36.32
185,2021-01-01,1,San Juan,39.06
161,2021-01-01,2,San Juan,39.28
137,2021-01-01,3,San Juan,39.46
113,2021-01-01,4,San Juan,39.59
89,2022-01-01,1,San Juan,43.55
65,2022-01-01,2,San Juan,49.46
41,2022-01-01,3,San Juan,50.8
17,2022-01-01,4,San Juan,50.88
858,2014-01-01,1,San Luis,9.35
834,2014-01-01,2,San Luis,9.72
810,2014-01-01,3,San Luis,9.71
786,2014-01-01,4,San Luis,9.79
762,2015-01-01,1,San Luis,9.72
738,2015-01-01,2,San Luis,9.71
714,2015-01-01,3,San Luis,9.71
690,2015-01-01,4,San Luis,9.71
666,2016-01-01,1,San Luis,9.59
642,2016-01-01,2,San Luis,9.6
618,2016-01-01,3,San Luis,9.63
594,2016-01-01,4,San Luis,9.64
570,2017-01-01,1,San Luis,9.55
546,2017-01-01,2,San Luis,9.51
522,2017-01-01,3,San Luis,15.48
498,2017-01-01,4,San Luis,10.59
474,2018-01-01,1,San Luis,15.15
450,2018-01-01,2,San Luis,15.15
426,2018-01-01,3,San Luis,52.35
402,2018-01-01,4,San Luis,67.55
378,2019-01-01,1,San Luis,67.34
354,2019-01-01,2,San Luis,81.79
330,2019-01-01,3,San Luis,85.23
306,2019-01-01,4,San Luis,74.92
282,2020-01-01,1,San Luis,76.31
258,2020-01-01,2,San Luis,78.41
234,2020-01-01,3,San Luis,79.96
210,2020-01-01,4,San Luis,81.68
186,2021-01-01,1,San Luis,81.24
162,2021-01-01,2,San Luis,83.48
138,2021-01-01,3,San Luis,79.87
114,2021-01-01,4,San Luis,80.3
90,2022-01-01,1,San Luis,80.72
66,2022-01-01,2,San Luis,81.76
42,2022-01-01,3,San Luis,81.74
18,2022-01-01,4,San Luis,90.27
859,2014-01-01,1,Santa Cruz,28.94
835,2014-01-01,2,Santa Cruz,29.38
811,2014-01-01,3,Santa Cruz,28.23
787,2014-01-01,4,Santa Cruz,27.8
763,2015-01-01,1,Santa Cruz,27.99
739,2015-01-01,2,Santa Cruz,27.07
715,2015-01-01,3,Santa Cruz,27.61
691,2015-01-01,4,Santa Cruz,27.74
667,2016-01-01,1,Santa Cruz,26.87
643,2016-01-01,2,Santa Cruz,26.73
619,2016-01-01,3,Santa Cruz,26.84
595,2016-01-01,4,Santa Cruz,27.05
571,2017-01-01,1,Santa Cruz,26.52
547,2017-01-01,2,Santa Cruz,26.25
523,2017-01-01,3,Santa Cruz,33.29
499,2017-01-01,4,Santa Cruz,28.91
475,2018-01-01,1,Santa Cruz,33.55
451,2018-01-01,2,Santa Cruz,33.33
427,2018-01-01,3,Santa Cruz,32.73
403,2018-01-01,4,Santa Cruz,23.69
379,2019-01-01,1,Santa Cruz,23.67
355,2019-01-01,2,Santa Cruz,28.85
331,2019-01-01,3,Santa Cruz,35.63
307,2019-01-01,4,Santa Cruz,36.71
283,2020-01-01,1,Santa Cruz,35.97
259,2020-01-01,2,Santa Cruz,35.79
235,2020-01-01,3,Santa Cruz,35.95
211,2020-01-01,4,Santa Cruz,37.0
187,2021-01-01,1,Santa Cruz,41.65
163,2021-01-01,2,Santa Cruz,44.01
139,2021-01-01,3,Santa Cruz,43.75
115,2021-01-01,4,Santa Cruz,43.05
91,2022-01-01,1,Santa Cruz,43.34
67,2022-01-01,2,Santa Cruz,43.15
43,2022-01-01,3,Santa Cruz,43.19
19,2022-01-01,4,Santa Cruz,43.53
860,2014-01-01,1,Santa Fe,47.85
836,2014-01-01,2,Santa Fe,48.39
812,2014-01-01,3,Santa Fe,49.2
788,2014-01-01,4,Santa Fe,50.0
764,2015-01-01,1,Santa Fe,50.24
740,2015-01-01,2,Santa Fe,51.18
716,2015-01-01,3,Santa Fe,52.15
692,2015-01-01,4,Santa Fe,52.61
668,2016-01-01,1,Santa Fe,51.28
644,2016-01-01,2,Santa Fe,52.44
620,2016-01-01,3,Santa Fe,52.67
596,2016-01-01,4,Santa Fe,52.19
572,2017-01-01,1,Santa Fe,51.97
548,2017-01-01,2,Santa Fe,52.27
524,2017-01-01,3,Santa Fe,60.91
500,2017-01-01,4,Santa Fe,61.71
476,2018-01-01,1,Santa Fe,62.28
452,2018-01-01,2,Santa Fe,62.57
428,2018-01-01,3,Santa Fe,63.41
404,2018-01-01,4,Santa Fe,65.59
380,2019-01-01,1,Santa Fe,66.97
356,2019-01-01,2,Santa Fe,67.42
332,2019-01-01,3,Santa Fe,68.87
308,2019-01-01,4,Santa Fe,69.48
284,2020-01-01,1,Santa Fe,69.52
260,2020-01-01,2,Santa Fe,70.0
236,2020-01-01,3,Santa Fe,72.12
212,2020-01-01,4,Santa Fe,73.58
188,2021-01-01,1,Santa Fe,73.92
164,2021-01-01,2,Santa Fe,75.07
140,2021-01-01,3,Santa Fe,75.02
116,2021-01-01,4,Santa Fe,77.09
92,2022-01-01,1,Santa Fe,77.3
68,2022-01-01,2,Santa Fe,77.9
44,2022-01-01,3,Santa Fe,78.55
20,2022-01-01,4,Santa Fe,78.4
861,2014-01-01,1,Santiago Del Estero,16.31
837,2014-01-01,2,Santiago Del Estero,16.7
813,2014-01-01,3,Santiago Del Estero,16.49
789,2014-01-01,4,Santiago Del Estero,17.27
765,2015-01-01,1,Santiago Del Estero,17.06
741,2015-01-01,2,Santiago Del Estero,17.11
717,2015-01-01,3,Santiago Del Estero,17.12
693,2015-01-01,4,Santiago Del Estero,17.0
669,2016-01-01,1,Santiago Del Estero,16.21
645,2016-01-01,2,Santiago Del Estero,15.89
621,2016-01-01,3,Santiago Del Estero,15.33
597,2016-01-01,4,Santiago Del Estero,15.07
573,2017-01-01,1,Santiago Del Estero,14.7
549,2017-01-01,2,Santiago Del Estero,14.12
525,2017-01-01,3,Santiago Del Estero,35.12
501,2017-01-01,4,Santiago Del Estero,29.13
477,2018-01-01,1,Santiago Del Estero,34.99
453,2018-01-01,2,Santiago Del Estero,35.26
429,2018-01-01,3,Santiago Del Estero,36.25
405,2018-01-01,4,Santiago Del Estero,37.4
381,2019-01-01,1,Santiago Del Estero,37.52
357,2019-01-01,2,Santiago Del Estero,52.79
333,2019-01-01,3,Santiago Del Estero,55.3
309,2019-01-01,4,Santiago Del Estero,42.92
285,2020-01-01,1,Santiago Del Estero,42.47
261,2020-01-01,2,Santiago Del Estero,43.47
237,2020-01-01,3,Santiago Del Estero,43.38
213,2020-01-01,4,Santiago Del Estero,43.75
189,2021-01-01,1,Santiago Del Estero,45.67
165,2021-01-01,2,Santiago Del Estero,46.56
141,2021-01-01,3,Santiago Del Estero,47.0
117,2021-01-01,4,Santiago Del Estero,47.05
93,2022-01-01,1,Santiago Del Estero,47.17
69,2022-01-01,2,Santiago Del Estero,47.7
45,2022-01-01,3,Santiago Del Estero,47.98
21,2022-01-01,4,Santiago Del Estero,48.05
862,2014-01-01,1,Tierra Del Fuego,63.97
838,2014-01-01,2,Tierra Del Fuego,64.36
814,2014-01-01,3,Tierra Del Fuego,65.69
790,2014-01-01,4,Tierra Del Fuego,66.14
766,2015-01-01,1,Tierra Del Fuego,74.23
742,2015-01-01,2,Tierra Del Fuego,74.51
718,2015-01-01,3,Tierra Del Fuego,74.86
694,2015-01-01,4,Tierra Del Fuego,66.46
670,2016-01-01,1,Tierra Del Fuego,65.83
646,2016-01-01,2,Tierra Del Fuego,67.72
622,2016-01-01,3,Tierra Del Fuego,68.94
598,2016-01-01,4,Tierra Del Fuego,70.31
574,2017-01-01,1,Tierra Del Fuego,68.92
550,2017-01-01,2,Tierra Del Fuego,68.46
526,2017-01-01,3,Tierra Del Fuego,65.74
502,2017-01-01,4,Tierra Del Fuego,59.89
478,2018-01-01,1,Tierra Del Fuego,65.2
454,2018-01-01,2,Tierra Del Fuego,91.61
430,2018-01-01,3,Tierra Del Fuego,92.77
406,2018-01-01,4,Tierra Del Fuego,93.59
382,2019-01-01,1,Tierra Del Fuego,93.38
358,2019-01-01,2,Tierra Del Fuego,94.8
334,2019-01-01,3,Tierra Del Fuego,96.46
310,2019-01-01,4,Tierra Del Fuego,79.7
286,2020-01-01,1,Tierra Del Fuego,76.07
262,2020-01-01,2,Tierra Del Fuego,76.37
238,2020-01-01,3,Tierra Del Fuego,76.81
214,2020-01-01,4,Tierra Del Fuego,76.27
190,2021-01-01,1,Tierra Del Fuego,77.35
166,2021-01-01,2,Tierra Del Fuego,67.89
142,2021-01-01,3,Tierra Del Fuego,94.95
118,2021-01-01,4,Tierra Del Fuego,98.4
94,2022-01-01,1,Tierra Del Fuego,98.29
70,2022-01-01,2,Tierra Del Fuego,99.86
46,2022-01-01,3,Tierra Del Fuego,99.51
22,2022-01-01,4,Tierra Del Fuego,101.44
863,2014-01-01,1,Tucumán,33.42
839,2014-01-01,2,Tucumán,33.94
815,2014-01-01,3,Tucumán,33.94
791,2014-01-01,4,Tucumán,35.32
767,2015-01-01,1,Tucumán,35.08
743,2015-01-01,2,Tucumán,35.69
719,2015-01-01,3,Tucumán,36.61
695,2015-01-01,4,Tucumán,37.06
671,2016-01-01,1,Tucumán,36.72
647,2016-01-01,2,Tucumán,37.24
623,2016-01-01,3,Tucumán,37.9
599,2016-01-01,4,Tucumán,37.98
575,2017-01-01,1,Tucumán,37.9
551,2017-01-01,2,Tucumán,38.19
527,2017-01-01,3,Tucumán,39.7
503,2017-01-01,4,Tucumán,39.9
479,2018-01-01,1,Tucumán,41.18
455,2018-01-01,2,Tucumán,41.51
431,2018-01-01,3,Tucumán,41.68
407,2018-01-01,4,Tucumán,41.76
383,2019-01-01,1,Tucumán,41.63
359,2019-01-01,2,Tucumán,40.14
335,2019-01-01,3,Tucumán,39.49
311,2019-01-01,4,Tucumán,47.65
287,2020-01-01,1,Tucumán,47.85
263,2020-01-01,2,Tucumán,51.78
239,2020-01-01,3,Tucumán,53.23
215,2020-01-01,4,Tucumán,54.78
191,2021-01-01,1,Tucumán,54.82
167,2021-01-01,2,Tucumán,54.93
143,2021-01-01,3,Tucumán,54.64
119,2021-01-01,4,Tucumán,55.93
95,2022-01-01,1,Tucumán,57.39
71,2022-01-01,2,Tucumán,59.31
47,2022-01-01,3,Tucumán,61.14
23,2022-01-01,4,Tucumán,61.04
